{
  "name": "dagre-d3",
  "version": "0.4.17",
  "main": [
    "dist/dagre-d3.core.js"
  ],
  "ignore": [
    ".*",
    "README.md",
    "CHANGELOG.md",
    "Makefile",
    "browser.js",
    "build/**",
    "dist/dagre-d3.js",
    "dist/dagre-d3.min.js",
    "dist/dagre-d3.min.js.map",
    "dist/demo/**",
    "index.js",
    "karma*",
    "lib/**",
    "package.json",
    "src/**",
    "test/**"
  ],
  "dependencies": {
    "d3": "^3.3.8",
    "dagre": "^0.7.3",
    "graphlib": "^1.0.5",
    "lodash": "^3.10.0"
  },
  "homepage": "https://github.com/cpettitt/dagre-d3",
  "_release": "0.4.17",
  "_resolution": {
    "type": "version",
    "tag": "v0.4.17",
    "commit": "88bea485d5556382c1c50f7012d9ebd2ec5c270f"
  },
  "_source": "https://github.com/cpettitt/dagre-d3.git",
  "_target": "^0.4.17",
  "_originalSource": "dagre-d3",
  "_direct": true
}