{
  "name": "d3",
  "description": "A JavaScript visualization library for HTML and SVG.",
  "main": "d3.js",
  "license": "BSD-3-Clause",
  "ignore": [],
  "homepage": "https://github.com/mbostock-bower/d3-bower",
  "version": "3.5.17",
  "_release": "3.5.17",
  "_resolution": {
    "type": "version",
    "tag": "v3.5.17",
    "commit": "abe0262a205c9f3755c3a757de4dfd1d49f34b24"
  },
  "_source": "https://github.com/mbostock-bower/d3-bower.git",
  "_target": "^3.3.8",
  "_originalSource": "d3"
}